ROMANCHENKO;01-Jan-01;0:00:00;; intetics.com.ua/Workstations/Kiev
OSELIVERSTOV;01-Jan-01;0:00:00;; intetics.com.ua/Workstations/GIS/PL
KH-GIS-VIRTUAL2;01-Jan-01;0:00:00;; intetics.com.ua/Servers
KVIRTUAL;01-Jan-01;0:00:00;; intetics.com.ua/Servers
KH-GIS-VIRT-IT2;01-Jan-01;0:00:00;; intetics.com.ua/Servers
PANGEATESTVIRT;01-Jan-01;0:00:00;; intetics.com.ua/Virtual
BURTSEVA;01-Jan-01;0:00:00;; intetics.com.ua/Workstations/Accountants
KGUARD;04-Apr-18;9:16:05;; intetics.com.ua/Servers
GIS-TULA;05-Apr-18;7:24:22;; intetics.com.ua/Workstations/GIS/VM
KH-BPO-WDS;07-Feb-20;9:54:37;; intetics.com.ua/Servers
KH-GIS-DC;08-Jul-18;17:15:19;; intetics.com.ua/Domain Controllers
KV-SRV-01;09-Aug-18;13:09:03;; intetics.com.ua/Servers
ALTUKHOV;10-Apr-20;5:02:34;; intetics.com.ua/Workstations/Kiev
KWSUS;10-Mar-20;12:20:50;; intetics.com.ua/Servers
KV-VPN;11-Feb-19;11:19:12;; intetics.com.ua/Servers
KACS;11-Mar-20;16:24:27;; intetics.com.ua/Servers
KFS2;13-Feb-20;8:45:25;; intetics.com.ua/Servers
PBIGW;13-Mar-20;1:05:13;; intetics.com.ua/Workstations/GIS/ParkMe
MACHINE06;13-Mar-20;1:04:03;; intetics.com.ua/Workstations/GIS/Win7x64
GIS-TULA2;15-Apr-20;9:37:11;; intetics.com.ua/Workstations/GIS/VM
IDENISENKO2;16-Apr-20;10:47:04;; intetics.com.ua/Workstations/GIS/Win10x64
VKDC2;16-Aug-19;14:44:45;; intetics.com.ua/Domain Controllers
kstore;17-Jan-19;8:16:13;; intetics.com.ua/Servers
KDC2;18-Dec-19;16:48:19;; intetics.com.ua/Domain Controllers
KH-GIS-SRV01;18-Dec-19;9:51:14;; intetics.com.ua/Servers
DYACHENKO2;18-Oct-19;17:17:37;; intetics.com.ua/Workstations/Noname
KV-RODC2;20-Dec-19;15:28:29;; intetics.com.ua/Domain Controllers
KVIRTUAL3;20-Jan-18;19:12:28;; intetics.com.ua/Servers
KVIRTUAL2;21-Feb-18;1:07:05;; intetics.com.ua/Servers
MLOGVINOV;22-Apr-20;15:35:51;; intetics.com.ua/Workstations/GIS/Win7x64
IGORMAK;22-Apr-20;6:47:52;; intetics.com.ua/Workstations/GIS/Win10x64
MKRASNOVSK2;23-Apr-20;13:16:21;; intetics.com.ua/Workstations/GIS/Win10x64
SPODLESN2;23-Apr-20;19:32:11;; intetics.com.ua/Workstations/GIS/Win10x64
ASHULIKA2;24-Apr-20;7:36:46;; intetics.com.ua/Workstations/GIS/Win10x64
YVDOVITSA;24-Apr-20;4:18:01;; intetics.com.ua/Workstations/GIS/Win10x64
HRINCHENKO;25-Apr-20;22:38:52;; intetics.com.ua/Workstations/Sales
YVDOVITSA3;25-Apr-20;23:33:00;; intetics.com.ua/Workstations/GIS/Win10x64
YTKACHENKO;25-Apr-20;23:25:20;; intetics.com.ua/Workstations/GIS/Win10x64
OSTEPAN2;25-Apr-20;7:50:34;; intetics.com.ua/Workstations/Accountants
MACHINE03;25-Apr-20;23:08:34;; intetics.com.ua/Workstations/GIS/Win10x64
KDC1;25-Apr-20;17:30:14;; intetics.com.ua/Domain Controllers
KH-HERE-NPS;25-Mar-20;23:12:14;; intetics.com.ua/Servers
KH-GIS-SME;26-Apr-19;12:55:22;; intetics.com.ua/Virtual
ASTEPANOVA2;26-Apr-20;10:37:39;; intetics.com.ua/Workstations/GIS/PL
ASKRYNNYK;26-Apr-20;7:19:37;; intetics.com.ua/Workstations/GIS/GISDev
SKURAKOV;26-Apr-20;7:14:44;; intetics.com.ua/Workstations/Sales
MALETSKIY;26-Apr-20;9:31:26;; intetics.com.ua/Workstations/Kiev
LEGKAYA2;26-Apr-20;1:58:36;; intetics.com.ua/Workstations/GIS/GISDev
IMATVEIC;26-Apr-20;1:44:35;; intetics.com.ua/Workstations/GIS/PL
ASYMONCH2;26-Apr-20;1:48:26;; intetics.com.ua/Workstations/GIS/PL
ARCGIS;26-Apr-20;7:34:57;; intetics.com.ua/Workstations/GIS/Win10x64
KURBATSK;26-Apr-20;10:02:12;; intetics.com.ua/Workstations/Sales
BELICH;26-Apr-20;0:26:38;; intetics.com.ua/Workstations/GIS/GISDev
ADMINSGIS-PC;26-Apr-20;2:59:08;; intetics.com.ua/Workstations/Admins
MACHINE05;26-Apr-20;5:24:11;; intetics.com.ua/Workstations/GIS/Win10x64
LUNCHENKO2;26-Apr-20;1:42:55;; intetics.com.ua/Workstations/GIS/GISDev
VMIROSH2;26-Apr-20;6:37:55;; intetics.com.ua/Workstations/Accountants
TIUPA2;26-Apr-20;6:48:47;; intetics.com.ua/Workstations/HR
EPRODCHENKO2;26-Apr-20;5:24:42;; intetics.com.ua/Workstations/GIS/GISDev
RYZHKO;26-Apr-20;0:46:31;; intetics.com.ua/Workstations/Kiev
NAUMOVA;26-Apr-20;7:53:21;; intetics.com.ua/Workstations/Accountants
NAROZHNYI;26-Apr-20;6:17:08;; intetics.com.ua/Workstations/GIS/GISDev
MACHINE07;26-Apr-20;0:26:08;; intetics.com.ua/Workstations/GIS/Win10x64
DLOMAKIN;26-Apr-20;10:34:18;; intetics.com.ua/Workstations/GIS/PL
ACHYSTYK2;26-Apr-20;9:18:33;; intetics.com.ua/Workstations/GIS/Win10x64
ESOSNOVA;26-Apr-20;7:52:22;; intetics.com.ua/Workstations/GIS/Win10x64
YBERSHADSKIY;26-Apr-20;2:01:34;; intetics.com.ua/Workstations/Developers
VTOMA;26-Apr-20;10:35:39;; intetics.com.ua/Workstations/Sales
FEDORENKO;26-Apr-20;1:58:28;; intetics.com.ua/Workstations/GIS/GISDev
AKUZMENKO;26-Apr-20;10:02:22;; intetics.com.ua/Workstations/GIS/Win10x64
SHUVAEVA2;26-Apr-20;6:21:12;; intetics.com.ua/Workstations/GIS/Win10x64
GIS-PROJECT1;26-Apr-20;1:22:49;; intetics.com.ua/Workstations/GIS
OTDIELNOV;26-Apr-20;5:04:39;; intetics.com.ua/Workstations/Developers
GOLIK;26-Apr-20;2:20:51;; intetics.com.ua/Workstations/Developers
MACHINE08;26-Apr-20;6:54:39;; intetics.com.ua/Workstations/GIS/Win10x64
SERDYUK;26-Apr-20;6:11:52;; intetics.com.ua/Workstations/HR
MACHINE01;26-Apr-20;0:49:36;; intetics.com.ua/Workstations/GIS/Win10x64
NAKONECHN;26-Apr-20;8:51:11;; intetics.com.ua/Workstations/OfficeManagers
ISUKHOTIN;26-Apr-20;4:27:47;; intetics.com.ua/Workstations/GIS/Win10x64
BELEVTSOV2;26-Apr-20;5:19:38;; intetics.com.ua/Workstations/Admins
LAYRDB;26-Apr-20;7:30:14;; intetics.com.ua/Workstations/GIS/GISDev
KOBZAR;26-Apr-20;1:05:12;; intetics.com.ua/Workstations/Admins
BATRAKOV2;26-Apr-20;9:00:33;; intetics.com.ua/Workstations/Developers
MACHINE11;26-Apr-20;1:50:41;; intetics.com.ua/Workstations/GIS/Win10x64
LYSENKO-N;26-Apr-20;6:06:02;; intetics.com.ua/Workstations/Accountants
MACHINE04;26-Apr-20;7:25:21;; intetics.com.ua/Workstations/GIS/Win10x64
AISAEV;26-Apr-20;6:49:08;; intetics.com.ua/Workstations/GIS/Win10x64
SREBROV;26-Apr-20;10:18:44;; intetics.com.ua/Workstations/GIS/Win10x64
KERNYTSKYI;26-Apr-20;5:03:09;; intetics.com.ua/Workstations/Developers
REZNIK-LT;26-Apr-20;5:35:05;; intetics.com.ua/Workstations/Directors
WIN-O4FABRLQKPF;26-Apr-20;5:08:07;; intetics.com.ua/Workstations/GIS/Win10x64
MACHINE09;26-Apr-20;5:50:48;; intetics.com.ua/Workstations/GIS/Win10x64
MACHINE02;26-Apr-20;6:37:59;; intetics.com.ua/Workstations/GIS/Win10x64
RPAFARM;26-Apr-20;7:32:15;; intetics.com.ua/Workstations/GIS/GISDev
EFRANKOVSKIY;26-Apr-20;7:57:26;; intetics.com.ua/Workstations/GIS/GISDev
FEDOTOV;26-Apr-20;4:54:14;; intetics.com.ua/Workstations/Developers
GREBINNIK;26-Apr-20;10:47:19;; intetics.com.ua/Workstations/Developers
EZUB2;26-Apr-20;4:58:05;; intetics.com.ua/Workstations/GIS/GISDev
MACHINE10;26-Apr-20;1:44:50;; intetics.com.ua/Workstations/GIS/Win10x64
KUZNETSOV;26-Apr-20;4:11:43;; intetics.com.ua/Workstations/GIS/GISDev
ANIKIN2;26-Apr-20;7:21:00;; intetics.com.ua/Workstations/GIS/GISDev
AKURISHE2;26-Apr-20;10:24:31;; intetics.com.ua/Workstations/GIS/Win10x64
ADIDENKO;26-Apr-20;9:14:50;; intetics.com.ua/Workstations/GIS/Win10x64
LISOVITSK2;26-Apr-20;2:28:39;; intetics.com.ua/Workstations/GIS/ParkMe
TSATSUYEV2;26-Apr-20;4:53:20;; intetics.com.ua/Workstations/Developers
AKOZLOVA2;26-Apr-20;1:24:24;; intetics.com.ua/Workstations/GIS/GISDev
DSHEVCHUK;26-Apr-20;9:39:13;; intetics.com.ua/Workstations/GIS/Win10x64
MVYSOCHI2;26-Apr-20;5:24:43;; intetics.com.ua/Workstations/GIS/Win10x64
LYSENKO2;26-Apr-20;10:29:02;; intetics.com.ua/Workstations/Developers
SPECIFI-X64;26-Apr-20;6:49:17;; intetics.com.ua/Workstations/Virtual
SGORODIL2;26-Apr-20;10:07:09;; intetics.com.ua/Workstations/GIS/GISDev
ASOLOVEV;26-Apr-20;9:48:30;; intetics.com.ua/Workstations/GIS/Win10x64
KH-HERE-VPN;26-Mar-20;11:04:58;; intetics.com.ua/Servers
KV-VIRTUAL;31-Mar-18;11:47:19;; intetics.com.ua/Servers
BORISENKO;;; unreachable; intetics.com.ua/Workstations/Kiev
DOVGANICH;;; unreachable; intetics.com.ua/Workstations/Developers
FIL;;; unreachable; intetics.com.ua/Workstations/Kiev
KURACH;;; unreachable; intetics.com.ua/Workstations/Kiev
ATROSKOV2;;; unreachable; intetics.com.ua/Workstations/GIS/GISDev
ZHELIABINA;;; unreachable; intetics.com.ua/Workstations/Kiev
CHOPOVDIA2;;; unreachable; intetics.com.ua/Workstations/Kiev
DLEVSHEN;;; unreachable; intetics.com.ua/Workstations/GIS/Win7x64
KOLEKSUK2;;; unreachable; intetics.com.ua/Workstations/GIS/Win7x64
KNAUMYCH;;; unreachable; intetics.com.ua/Workstations/GIS/Win10x64
ASKLYARO;;; unreachable; intetics.com.ua/Workstations/GIS/Win7x64
MTARAN;;; unreachable; intetics.com.ua/Workstations/GIS/Win10x64
PBABESHK2;;; unreachable; intetics.com.ua/Workstations/GIS/Win7x64
ZHURAVLYOV;;; unreachable; intetics.com.ua/Workstations/GIS/Win7x64
ZBOKOVEN;;; unreachable; intetics.com.ua/Workstations/GIS/Win10x64
VOLKOVAYA;;; unreachable; intetics.com.ua/Workstations/Sales
RSOKOLEN2;;; unreachable; intetics.com.ua/Workstations/GIS/GISDev
SHEIKO2;;; unreachable; intetics.com.ua/Workstations/GIS/GISDev
VERBA;;; unreachable; intetics.com.ua/Workstations/GIS/Win10x64
TSKLYAR;;; unreachable; intetics.com.ua/Workstations/GIS/Win7x64
SREBNYUK;;; unreachable; intetics.com.ua/Workstations/GIS/Win10x64
OSETINSKIY;;; unreachable; intetics.com.ua/Workstations/GIS/Win10x64
ISHUBIN;;; unreachable; intetics.com.ua/Workstations/GIS/PL
VISIO;;; unreachable; intetics.com.ua/Virtual
AVAVILOV2;;; unreachable; intetics.com.ua/Workstations/GIS/Win7x64
YGURA2;;; unreachable; intetics.com.ua/Workstations/GIS/Win7x64
OACHKASO;;; unreachable; intetics.com.ua/Workstations/GIS/PL
PAVLUSHKOI;;; unreachable; intetics.com.ua/Workstations/Laptops
LAPTOP02;;; unreachable; intetics.com.ua/Workstations/Laptops
GOLIK2;;; unreachable; intetics.com.ua/Workstations/Developers
LAPTOP13;;; unreachable; intetics.com.ua/Workstations/Laptops
LAPTOP17;;; unreachable; intetics.com.ua/Workstations/Laptops
LAPTOP16;;; unreachable; intetics.com.ua/Workstations/Laptops
KISIL-LT;;; unreachable; intetics.com.ua/Workstations/Developers
LAPTOP04;;; unreachable; intetics.com.ua/Workstations/Laptops
LAPTOP01;;; unreachable; intetics.com.ua/Workstations/Laptops
LAPTOP15;;; unreachable; intetics.com.ua/Workstations/Laptops
LAPTOP08;;; unreachable; intetics.com.ua/Workstations/Laptops
LAPTOP14;;; unreachable; intetics.com.ua/Workstations/Laptops
LAPTOP07;;; unreachable; intetics.com.ua/Workstations/Laptops
TEACHER;;; unreachable; intetics.com.ua/Workstations/Common
KRYLOVA-LT;;; unreachable; intetics.com.ua/Workstations/Lawyers
VASILENKO;;; unreachable; intetics.com.ua/Workstations/GIS/ParkMe
BATRAKOV;;; unreachable; intetics.com.ua/Workstations/Developers
KV-SRV-02;;; unreachable; intetics.com.ua/Servers
ANDRIENKO;;; unreachable; intetics.com.ua/Workstations/Developers
BOCHKO;;; unreachable; intetics.com.ua/Workstations/GIS/ParkMe
USOVA-LT;;; unreachable; intetics.com.ua/Workstations/HR
TRYZHIK;;; unreachable; intetics.com.ua/Workstations/GIS/ParkMe
KAZAKOV;;; unreachable; intetics.com.ua/Workstations/GIS/ParkMe
TYUTYUNNYK-LT2;;; unreachable; intetics.com.ua/Workstations/Directors
MASTIUKH;;; unreachable; intetics.com.ua/Workstations/GIS/ParkMe
RPOPOV;;; unreachable; intetics.com.ua/Workstations/GIS/ParkMe
CONN;;; unreachable; intetics.com.ua/Workstations/Common
IREZNIK;;; unreachable; intetics.com.ua/Workstations/GIS/ParkMe
FATEEV;;; unreachable; intetics.com.ua/Workstations/GIS/ParkMe
BRONNIKOVA;;; unreachable; intetics.com.ua/Workstations/Developers
KUZNETSOV2;;; unreachable; intetics.com.ua/Workstations/Developers
SLUPSKAYA-LT;;; unreachable; intetics.com.ua/Workstations/HR
BLINOVA;;; unreachable; intetics.com.ua/Workstations/Accountants
YSKUBAK;;; unreachable; intetics.com.ua/Workstations/GIS/ParkMe
TRETYAKOV-LT2;;; unreachable; intetics.com.ua/Workstations/GIS
PRILUTSK;;; unreachable; intetics.com.ua/Workstations/GIS/ParkMe
CUBIPRINT;;; unreachable; intetics.com.ua/Virtual
AKRAVCHENKO;;; unreachable; intetics.com.ua/Workstations/GIS/ParkMe
TRAVKIN;;; unreachable; intetics.com.ua/Workstations/GIS/ParkMe
SHUBA;;; unreachable; intetics.com.ua/Workstations/Accountants
MATSEGORA;;; unreachable; intetics.com.ua/Workstations/GIS/GISDev
MIROSHNICHENKO;;; unreachable; intetics.com.ua/Workstations/GIS/ParkMe
OSTEPANOVA;;; unreachable; intetics.com.ua/Workstations/Accountants
GORODNICHENKO;;; unreachable; intetics.com.ua/Workstations/GIS/ParkMe
DIMKOV;;; unreachable; intetics.com.ua/Workstations/Developers
PAVLENKO;;; unreachable; intetics.com.ua/Workstations/GIS/ParkMe
BONDARENKO;;; unreachable; intetics.com.ua/Workstations/Developers
GASANOV;;; unreachable; intetics.com.ua/Workstations/HR
RADCHENKO;;; unreachable; intetics.com.ua/Workstations/GIS/ParkMe
LAPTOP18;;; unreachable; intetics.com.ua/Workstations/Laptops
LYTVYN2;;; unreachable; intetics.com.ua/Workstations/Admins
TSYMBAL-LT;;; unreachable; intetics.com.ua/Workstations/GIS/PL
VVERBA;;; unreachable; intetics.com.ua/Workstations/GIS/GISDev
LAPTOP19;;; unreachable; intetics.com.ua/Workstations/Laptops
YEMELIANOV;;; unreachable; intetics.com.ua/Workstations/Developers
BORODULIN-LT;;; unreachable; intetics.com.ua/Workstations/GIS/PL
KOVTONYUK;;; unreachable; intetics.com.ua/Workstations/Developers
TURIANSKYI;;; unreachable; intetics.com.ua/Workstations/Developers
SHOFERYUK;;; unreachable; intetics.com.ua/Workstations/Developers
SAMOYLENKO;;; unreachable; intetics.com.ua/Workstations/Kiev
LAPTOP20;;; unreachable; intetics.com.ua/Workstations/Laptops
KOZEJKO-LT;;; unreachable; intetics.com.ua/Workstations/Lviv
SUBOTOVSKYI;;; unreachable; intetics.com.ua/Workstations/Developers
TYMKIV;;; unreachable; intetics.com.ua/Workstations/Lviv
OLSHEVSKIY;;; unreachable; intetics.com.ua/Workstations/Developers
KV-LAPTOP-04;;; unreachable; intetics.com.ua/Workstations/Kiev
GAMBAROV-LT;;; unreachable; intetics.com.ua/Workstations/Developers/PM
SHISHKO-LT;;; unreachable; intetics.com.ua/Workstations/Kiev
KV-LAPTOP-05;;; unreachable; intetics.com.ua/Workstations/Kiev
STM;;; unreachable; intetics.com.ua/Workstations/Kiev
KIZYAN-LT;;; unreachable; intetics.com.ua/Workstations/Kiev
KUDRIAVETS;;; unreachable; intetics.com.ua/Workstations/Developers
SKRYNNYK2;;; unreachable; intetics.com.ua/Workstations/Kiev
DUDACHIN2;;; unreachable; intetics.com.ua/Workstations/GIS/Win10x64
EPIVOVAR;;; unreachable; intetics.com.ua/Workstations/GIS/Win10x64
TKACHENKO2;;; unreachable; intetics.com.ua/Workstations/Developers
OVCHAR;;; unreachable; intetics.com.ua/Workstations/GIS/GISDev
ITSKHOVR2;;; unreachable; intetics.com.ua/Workstations/GIS/Win10x64
VBALAGUT;;; unreachable; intetics.com.ua/Workstations/GIS/Win10x64
DGOLDINER;;; unreachable; intetics.com.ua/Workstations/GIS/Win10x64
MSEMERNI;;; unreachable; intetics.com.ua/Workstations/GIS/Win7x64
AKOLIADE2;;; unreachable; intetics.com.ua/Workstations/GIS/Win10x64
ANPILOGOV;;; unreachable; intetics.com.ua/Workstations/Kiev
AGEEV2;;; unreachable; intetics.com.ua/Workstations/Developers
ZAGREVSK;;; unreachable; intetics.com.ua/Workstations/GIS/GISDev
VASHCHENKO2;;; unreachable; intetics.com.ua/Workstations/Kiev
ESAMKO;;; unreachable; intetics.com.ua/Workstations/GIS/Win7x64
PODOLIA2;;; unreachable; intetics.com.ua/Workstations/Kiev
RESTORE-REBOOT;;; unreachable; intetics.com.ua/Computers
APONOMAR;;; unreachable; intetics.com.ua/Workstations/GIS/Win10x64
RGRIGORIAN;;; unreachable; intetics.com.ua/Workstations/GIS/Win7x64
ROGACHEV;;; unreachable; intetics.com.ua/Workstations/HR
LAPTOP21;;; unreachable; intetics.com.ua/Workstations/Laptops
IPLUSHKO;;; unreachable; intetics.com.ua/Workstations/GIS/Win10x64
NSIDORCHENKO;;; unreachable; intetics.com.ua/Workstations/GIS/Win7x64
STRUCHKOVA-LT;;; unreachable; intetics.com.ua/Workstations/Kiev
AVELICHKO;;; unreachable; intetics.com.ua/Workstations/GIS/Win10x64
RESHETILO2;;; unreachable; intetics.com.ua/Workstations/Admins
BERDNIK-LT;;; unreachable; intetics.com.ua/Workstations/Developers/PM
DOVGANICH-LT;;; unreachable; intetics.com.ua/Workstations/Developers
YALOVOL-LT2;;; unreachable; intetics.com.ua/Workstations/Directors
SHEIKO-LT;;; unreachable; intetics.com.ua/Workstations/Developers/PM
IRYLKOV2;;; unreachable; intetics.com.ua/Workstations/GIS/ParkMe
LVDC;;; unreachable; intetics.com.ua/Domain Controllers
LVACS;;; unreachable; intetics.com.ua/Servers
KUZMINOVA;;; unreachable; intetics.com.ua/Workstations/GIS/ParkMe
AKOZLOVA;;; unreachable; intetics.com.ua/Workstations/GIS/GISDev
LEBEDEVA;;; unreachable; intetics.com.ua/Workstations/Developers
CHABANUCK;;; unreachable; intetics.com.ua/Workstations/Developers
VGASANOV-LT;;; unreachable; intetics.com.ua/Workstations/HR
AKHURDEI;;; unreachable; intetics.com.ua/Workstations/GIS/Win10x64
NEWCOMMER-LT;;; unreachable; intetics.com.ua/Workstations/Lviv
ANDRIUSH2;;; unreachable; intetics.com.ua/Workstations/GIS/ParkMe
ZHERELIUK2;;; unreachable; intetics.com.ua/Workstations/GIS/GISDev
DENISENKO;;; unreachable; intetics.com.ua/Workstations/GIS/ParkMe
TRIZNA-LT;;; unreachable; intetics.com.ua/Workstations/Sales
MISHCHENKO2;;; unreachable; intetics.com.ua/Workstations/Kiev
GRANKOVSKY;;; unreachable; intetics.com.ua/Workstations/Developers
SKLIMENKO;;; unreachable; intetics.com.ua/Workstations/GIS/Win7x64
DVOLOKH;;; unreachable; intetics.com.ua/Workstations/GIS/Win10x64
SCHESHKOV;;; unreachable; intetics.com.ua/Workstations/GIS/Win10x64
RAKHROMIEIEV;;; unreachable; intetics.com.ua/Workstations/Developers
ACHERNYAVSKIY;;; unreachable; intetics.com.ua/Workstations/GIS/Win10x64
MINKO;;; unreachable; intetics.com.ua/Workstations/GIS/ParkMe
ANFILOV2;;; unreachable; intetics.com.ua/Workstations/GIS/GISDev
YARMOLYUK;;; unreachable; intetics.com.ua/Workstations/GIS/GISDev
SEMCHUK2;;; unreachable; intetics.com.ua/Workstations/Kiev
ANDRIENKO2;;; unreachable; intetics.com.ua/Workstations/Developers
SAKHNO;;; unreachable; intetics.com.ua/Workstations/HR
MBALINSKAYA;;; unreachable; intetics.com.ua/Workstations/GIS/GISDev
GUDKOV;;; unreachable; intetics.com.ua/Workstations/GIS/GISDev
KATRECHKO;;; unreachable; intetics.com.ua/Workstations/GIS/GISDev
SIDORENKO-LT;;; unreachable; intetics.com.ua/Workstations/Kiev
DOLAPCHI2;;; unreachable; intetics.com.ua/Workstations/Sales
POPOVA;;; unreachable; intetics.com.ua/Workstations/GIS/GISDev
BLAHODATNY;;; unreachable; intetics.com.ua/Workstations/Kiev
MZAITSEVA;;; unreachable; intetics.com.ua/Workstations/GIS/ParkMe
SHAULSKIY;;; unreachable; intetics.com.ua/Workstations/GIS/ParkMe
ANDRUS;;; unreachable; intetics.com.ua/Workstations/Developers
PSREBNYUK;;; unreachable; intetics.com.ua/Workstations/GIS/Win10x64
ASUVOROVA;;; unreachable; intetics.com.ua/Workstations/GIS/Win10x64
STRUBAEVA;;; unreachable; intetics.com.ua/Workstations/GIS/Win10x64
ABUDNYK;;; unreachable; intetics.com.ua/Workstations/GIS/Win10x64
VANANYEV;;; unreachable; intetics.com.ua/Workstations/GIS/Win10x64
ZAKUSYLO2;;; unreachable; intetics.com.ua/Workstations/Developers
MALIEIEVA;;; unreachable; intetics.com.ua/Workstations/Developers
MSHELYAGOV;;; unreachable; intetics.com.ua/Workstations/GIS/Win10x64
SHYLOVA-LT;;; unreachable; intetics.com.ua/Workstations/Laptops
ENTINA;;; unreachable; intetics.com.ua/Workstations/GIS/ParkMe
BUGAYOV;;; unreachable; intetics.com.ua/Workstations/GIS/ParkMe
HRYSHCHENKO;;; unreachable; intetics.com.ua/Workstations/Developers
AROSINSKAYA;;; unreachable; intetics.com.ua/Workstations/GIS/Win10x64
EMALIAVINA;;; unreachable; intetics.com.ua/Workstations/GIS/ParkMe
OZHDANOV;;; unreachable; intetics.com.ua/Workstations/GIS/Win10x64
SLYVYNETS;;; unreachable; intetics.com.ua/Workstations/GIS/Students
YGLADKOVA;;; unreachable; intetics.com.ua/Workstations/GIS/Win10x64
RATUSHNA2;;; unreachable; intetics.com.ua/Workstations/Sales
RESHETILO;;; unreachable; intetics.com.ua/Workstations/Admins
SAMOTSK;;; unreachable; intetics.com.ua/Workstations/Developers
HAVRYLIUK;;; unreachable; intetics.com.ua/Workstations/Developers
LAPTIY;;; unreachable; intetics.com.ua/Workstations/Developers
KABANIN;;; unreachable; intetics.com.ua/Workstations/GIS/GISDev
CHEREMISINOV;;; unreachable; intetics.com.ua/Workstations/Kiev
CHEREMISINOV-LT;;; unreachable; intetics.com.ua/Workstations/Kiev
MLL;;; unreachable; intetics.com.ua/Workstations/Developers
VKUZNETSOVA2;;; unreachable; intetics.com.ua/Workstations/GIS/Win10x64
TOKAREVA;;; unreachable; intetics.com.ua/Workstations/GIS/GISDev
TRYPUTEN;;; unreachable; intetics.com.ua/Workstations/Kiev
BELOUSOVA2;;; unreachable; intetics.com.ua/Workstations/Kiev
GAMBAROV2-LT;;; unreachable; intetics.com.ua/Workstations/Developers/PM
SIVKO-LT;;; unreachable; intetics.com.ua/Workstations/Developers
NOVYTSKA-LT;;; unreachable; intetics.com.ua/Workstations/Developers/PM
CHELOMBITKO;;; unreachable; intetics.com.ua/Workstations/Developers
DYMA2;;; unreachable; intetics.com.ua/Workstations/Kiev
USENKO;;; unreachable; intetics.com.ua/Workstations/GIS/ParkMe
KOKOVINA;;; unreachable; intetics.com.ua/Workstations/Kiev
VARYCH-LT;;; unreachable; intetics.com.ua/Workstations/Sales
BALIUGA;;; unreachable; intetics.com.ua/Workstations/Developers
MEETING-ROOM-N2;;; unreachable; intetics.com.ua/Workstations/Common
DOVGANICH2;;; unreachable; intetics.com.ua/Workstations/Developers
ZAKAPKO2;;; unreachable; intetics.com.ua/Workstations/Lviv
BENCHER-LV;;; unreachable; intetics.com.ua/Workstations/Lviv
TIMCHENKO2;;; unreachable; intetics.com.ua/Workstations/GIS/ParkMe
LV-NEWCOMMER-03;;; unreachable; intetics.com.ua/Workstations/Lviv
ZAVADA;;; unreachable; intetics.com.ua/Workstations/GIS/ParkMe
BURMISTROV;;; unreachable; intetics.com.ua/Workstations/GIS/ParkMe
GAVRYSHKO;;; unreachable; intetics.com.ua/Workstations/Kiev
SHNAIDER-LT;;; unreachable; intetics.com.ua/Workstations/Kiev
KYRYCHENKO;;; unreachable; intetics.com.ua/Workstations/Kiev
EGLADISH2;;; unreachable; intetics.com.ua/Workstations/GIS/Win10x64
IUMNOV;;; unreachable; intetics.com.ua/Workstations/GIS/Win10x64
KURACH2;;; unreachable; intetics.com.ua/Workstations/Kiev
KASIANOVA2;;; unreachable; intetics.com.ua/Workstations/GIS/ParkMe
TTSARENKO;;; unreachable; intetics.com.ua/Workstations/GIS/Win10x64
OLSHEVSKIY2;;; unreachable; intetics.com.ua/Workstations/Developers
USERINT-RP4VSGJ;;; unreachable; intetics.com.ua/Workstations/Noname
VMALINOV2;;; unreachable; intetics.com.ua/Workstations/GIS/Win10x64
SHUBIN-LT;;; unreachable; intetics.com.ua/Workstations/GIS/PL
KRASINA-LT;;; unreachable; intetics.com.ua/Workstations/Kiev
TKACHENKO-LT;;; unreachable; intetics.com.ua/Workstations/Directors
AKIM;;; unreachable; intetics.com.ua/Workstations/GIS/ParkMe
AGANYSH2;;; unreachable; intetics.com.ua/Workstations/GIS/Win10x64
AVERKHOV2;;; unreachable; intetics.com.ua/Workstations/GIS/PL
USERINT-QFAMJ9G;;; unreachable; intetics.com.ua/Workstations/Noname
NALEKSANDROV;;; unreachable; intetics.com.ua/Workstations/GIS/ParkMe
USERINT-H3BVGMJ;;; unreachable; intetics.com.ua/Workstations/Noname
MAKSIMENKO-LT;;; unreachable; intetics.com.ua/Workstations/Laptops
POSTILNYK;;; unreachable; intetics.com.ua/Workstations/Developers
PTKACHENKO;;; unreachable; intetics.com.ua/Workstations/GIS/ParkMe
GULCHEVSKA;;; unreachable; intetics.com.ua/Workstations/GIS/ParkMe
APLAKHOT;;; unreachable; intetics.com.ua/Workstations/GIS/Win10x64
SOKOLENKO;;; unreachable; intetics.com.ua/Workstations/GIS/GISDev
ROSHCHUPKINA;;; unreachable; intetics.com.ua/Workstations/Developers
YAKIMENKO;;; unreachable; intetics.com.ua/Workstations/Kiev
VSTRELNIKOVA2;;; unreachable; intetics.com.ua/Workstations/GIS/Win10x64
EGOLYK;;; unreachable; intetics.com.ua/Workstations/Developers
NZAGREB2;;; unreachable; intetics.com.ua/Workstations/GIS/Win10x64
LSMAGLIY2;;; unreachable; intetics.com.ua/Workstations/GIS/PL
AKRYVENKO;;; unreachable; intetics.com.ua/Workstations/Sales
KH-BPO-KFS;;; unreachable; intetics.com.ua/Servers
VOLKOVAYA2;;; unreachable; intetics.com.ua/Workstations/GIS/GISDev
OVCHARENKO;;; unreachable; intetics.com.ua/Workstations/GIS/GISDev
BUROVSKAYA2;;; unreachable; intetics.com.ua/Workstations/GIS/Win10x64
ADIDENKO-LT;;; unreachable; intetics.com.ua/Workstations/GIS/PL
APAVLOVA2;;; unreachable; intetics.com.ua/Workstations/GIS/Win10x64
USERINT-09TQRD7;;; unreachable; intetics.com.ua/Workstations/Noname
AFEDOTOV;;; unreachable; intetics.com.ua/Workstations/GIS/Win10x64
ALOTNIK2;;; unreachable; intetics.com.ua/Workstations/GIS/Win10x64
VSHUVAEV2;;; unreachable; intetics.com.ua/Workstations/GIS/Win10x64
EORLOV2;;; unreachable; intetics.com.ua/Workstations/GIS/Win10x64
KVERZYLOVA;;; unreachable; intetics.com.ua/Workstations/Sales
SHISHKO2-LT;;; unreachable; intetics.com.ua/Workstations/Kiev
MLUGIN2;;; unreachable; intetics.com.ua/Workstations/GIS/Win10x64
LKHOPRIA;;; unreachable; intetics.com.ua/Workstations/GIS/Win10x64
YKOVAL;;; unreachable; intetics.com.ua/Workstations/GIS/Win10x64
TMILOVA2;;; unreachable; intetics.com.ua/Workstations/GIS/Win10x64
LKAMINSK;;; unreachable; intetics.com.ua/Workstations/HR
EANDRUSH2;;; unreachable; intetics.com.ua/Workstations/GIS/Win10x64
VKOTEL;;; unreachable; intetics.com.ua/Workstations/GIS/Win10x64
YONISHCH2;;; unreachable; intetics.com.ua/Workstations/GIS/Win10x64
VMIROSH;;; unreachable; intetics.com.ua/Workstations/Accountants
SAVCHUK-LT;;; unreachable; intetics.com.ua/Workstations/Kiev
KMARTYNUK;;; unreachable; intetics.com.ua/Workstations/GIS/Win10x64
AVALINOV;;; unreachable; intetics.com.ua/Workstations/GIS/Win10x64
KHOMENKO-LT;;; unreachable; intetics.com.ua/Workstations/Kiev
MNARTOV2;;; unreachable; intetics.com.ua/Workstations/GIS/Win10x64
CHERNONOG2;;; unreachable; intetics.com.ua/Workstations/Assistants
VNUCHENKO;;; unreachable; intetics.com.ua/Workstations/OfficeManagers
SVETLICHNAYA2;;; unreachable; intetics.com.ua/Workstations/HR
KUDRIAVETS2;;; unreachable; intetics.com.ua/Workstations/Developers
KOVTONYUK2;;; unreachable; intetics.com.ua/Workstations/Developers
BONDARENKO2;;; unreachable; intetics.com.ua/Workstations/Developers
WIN-B9F9SIRKFFG;;; unreachable; intetics.com.ua/Workstations/GIS/Win10x64
5082-OC;;; unreachable; intetics.com.ua/Workstations/Developers
RPAHERETEST;;; unreachable; intetics.com.ua/Workstations/GIS/GISDev
ADUBROVSKAYA;;; unreachable; intetics.com.ua/Workstations/GIS/Win10x64
KURAKOV-LT;;; unreachable; intetics.com.ua/Workstations/Laptops
5088-OC;;; unreachable; intetics.com.ua/Workstations/Developers
5085-OC;;; unreachable; intetics.com.ua/Workstations/Developers
5084-OC;;; unreachable; intetics.com.ua/Workstations/Developers
5087-OC;;; unreachable; intetics.com.ua/Workstations/Developers
5086-OC;;; unreachable; intetics.com.ua/Workstations/Developers
5083-OC;;; unreachable; intetics.com.ua/Workstations/Developers
VKUZNICHENKO;;; unreachable; intetics.com.ua/Workstations/GIS/GISDev
OBAIBENK2;;; unreachable; intetics.com.ua/Workstations/GIS/Win10x64
AMALAKHOVA;;; unreachable; intetics.com.ua/Workstations/GIS/ParkMe
TYKHOLAZ-LT;;; unreachable; intetics.com.ua/Workstations/Kiev
MDOROSHENKO2;;; unreachable; intetics.com.ua/Workstations/GIS/Win10x64
MDOROSHENKO;;; unreachable; intetics.com.ua/Workstations/GIS/Win10x64
EPOZDORO2;;; unreachable; intetics.com.ua/Workstations/GIS/Win10x64
ILYSENKO-LT;;; unreachable; intetics.com.ua/Workstations/Laptops
DLEVSHENKOV;;; unreachable; intetics.com.ua/Workstations/GIS/Win10x64
2818-OC;;; unreachable; intetics.com.ua/Workstations/GIS/Win10x64
IKUKOBA;;; unreachable; intetics.com.ua/Workstations/GIS/GISDev
WIN-0BCG8NF5NND;;; unreachable; intetics.com.ua/Workstations/GIS/Win10x64
KUKOBA-LT;;; unreachable; intetics.com.ua/Workstations/Laptops
PAVLENKO-LT;;; unreachable; intetics.com.ua/Workstations/Laptops
VERBITSKIY-LT;;; unreachable; intetics.com.ua/Workstations/Laptops
AKORNILOVA;;; unreachable; intetics.com.ua/Workstations/GIS/ParkMe
USERINT-121OH4G;;; unreachable; intetics.com.ua/Workstations/GIS/Win7x64
DFEDORENKO;;; unreachable; intetics.com.ua/Workstations/GIS/GISDev
KUSHNIR-LT;;; unreachable; intetics.com.ua/Workstations/Laptops
KLITVINOV;;; unreachable; intetics.com.ua/Workstations/GIS/GISDev
PRYTULENKO-LT;;; unreachable; intetics.com.ua/Workstations/Laptops
CHUMACHENKO-LT;;; unreachable; intetics.com.ua/Workstations/Laptops
SYTNYKOVA-LT;;; unreachable; intetics.com.ua/Workstations/Laptops
VOVK-LT2;;; unreachable; intetics.com.ua/Workstations/Laptops
AKUTSENK2;;; failed; intetics.com.ua/Workstations/GIS/Win10x64
SMARKOV2;;; failed; intetics.com.ua/Workstations/GIS/Win7x64
PGRITSEN2;;; failed; intetics.com.ua/Workstations/GIS/Win7x64
KBUH;;; failed; intetics.com.ua/Servers
KASATKIN;;; failed; intetics.com.ua/Workstations/GIS/ParkMe
VASYLKIVSKYI-LT;;; unreachable; intetics.com.ua/Workstations/Laptops
C-MATRIX;;; failed; intetics.com.ua/Virtual
VASILYEV2;;; failed; intetics.com.ua/Workstations/Developers
MALYHON;;; failed; intetics.com.ua/Workstations/Developers
AGANYSH;;; failed; intetics.com.ua/Workstations/GIS/Win10x64
MVDOVARE;;; failed; intetics.com.ua/Workstations/GIS/Win10x64
KH-GIS-PROXY;;; failed; intetics.com.ua/Servers
AHONCHAROVA;;; failed; intetics.com.ua/Workstations/GIS/Win10x64
ASTEGANC2;;; failed; intetics.com.ua/Workstations/GIS/Win10x64
MANTONOV;;; failed; intetics.com.ua/Workstations/GIS/Win7x64
KHARCHEVNIKOVA;;; failed; intetics.com.ua/Workstations/GIS/Win10x64
KAMINSKA;;; failed; intetics.com.ua/Workstations/Developers
VCHUPRYNIN;;; failed; intetics.com.ua/Workstations/GIS/Win10x64
MSTARIKOV;;; failed; intetics.com.ua/Workstations/GIS/Win7x64
CHETVERTAK2;;; failed; intetics.com.ua/Workstations/GIS/Win10x64
ARACHOV2;;; failed; intetics.com.ua/Workstations/GIS/Win10x64
MEDVEDEV2;;; failed; intetics.com.ua/Workstations/GIS/Win10x64
DSTUKALO;;; failed; intetics.com.ua/Workstations/GIS/ParkMe
ESEMCHEN2;;; failed; intetics.com.ua/Workstations/GIS/Win10x64
VSINKOVA2;;; failed; intetics.com.ua/Workstations/GIS/Win10x64
MSHLAKHT2;;; failed; intetics.com.ua/Workstations/GIS/Win10x64
ABURYK;;; failed; intetics.com.ua/Workstations/GIS/Win10x64
LYSENKO;;; failed; intetics.com.ua/Workstations/Developers
IBRIZHYK2;;; failed; intetics.com.ua/Workstations/GIS/Win10x64
NSHEVCHENKO;;; failed; intetics.com.ua/Workstations/GIS/ParkMe
ASKLYAROV;;; failed; intetics.com.ua/Workstations/GIS/Win10x64
NFIRSTOV2;;; failed; intetics.com.ua/Workstations/GIS/Win10x64
NSIDORCHENKO2;;; failed; intetics.com.ua/Workstations/GIS/Win10x64
KBABENKO2;;; failed; intetics.com.ua/Workstations/GIS/Win10x64
RMIROSHN;;; failed; intetics.com.ua/Workstations/GIS/Win10x64
ANIKULSHIN;;; failed; intetics.com.ua/Workstations/GIS/Win10x64
MMISHCHENKO;;; failed; intetics.com.ua/Workstations/GIS/ParkMe
TOPCHIY2;;; failed; intetics.com.ua/Workstations/GIS/Win10x64
KOLEKSYUK;;; failed; intetics.com.ua/Workstations/GIS/Win10x64
MVDOVAREIZE;;; failed; intetics.com.ua/Workstations/GIS/Win10x64
VSHVED;;; failed; intetics.com.ua/Workstations/GIS/Win10x64
KPUSICH;;; failed; intetics.com.ua/Workstations/GIS/Win10x64
AKISLOV;;; failed; intetics.com.ua/Workstations/GIS/Win10x64
3450-OC;;; unreachable; intetics.com.ua/Computers
SINYUK-LT;;; unreachable; intetics.com.ua/Workstations/Laptops
GIS-PROJECT2;;;; intetics.com.ua/Workstations/GIS
ACROBAT;;; unreachable; intetics.com.ua/Virtual
KH-GIS-NAS;;; failed; intetics.com.ua/Servers
NOVIKOV;;; failed; intetics.com.ua/Workstations/GIS/ParkMe
BENCHER-KV-1;;; failed; intetics.com.ua/Workstations/Kiev
